City_ID,City,Lat,Lng,Max Temp,Humidity,Cloudiness,Wind Speed,Country,Date
0,port lincoln,-34.7333,135.8667,20.7,62,100,2.2,AU,1701980872
1,yellowknife,62.456,-114.3525,-10.71,92,100,3.6,CA,1701980873
2,motueka,-41.1333,173.0167,17.83,55,19,1.26,NZ,1701980873
3,hawaiian paradise park,19.5933,-154.9731,26.04,82,100,4.12,US,1701980873
4,meadow lakes,61.6247,-149.6011,-6.53,86,100,1.02,US,1701980870
5,akobo,7.4344,3.9497,25.15,78,100,1.92,NG,1701980874
6,ushuaia,-54.8,-68.3,13.01,61,0,9.77,AR,1701980709
7,dudinka,69.4058,86.1778,-24.62,98,19,4.92,RU,1701980818
8,hermanus,-34.4187,19.2345,18.76,90,11,4.66,ZA,1701980875
9,suva,-18.1416,178.4415,27.71,78,75,2.06,FJ,1701980875
10,bredasdorp,-34.5322,20.0403,18.38,87,0,4.74,ZA,1701980709
11,parham,17.0968,-61.7705,27.83,91,20,4.12,AG,1701980876
12,grytviken,-54.2811,-36.5092,0.16,87,55,7.5,GS,1701980716
13,mahriz,31.5917,54.4318,7.28,24,1,0.75,IR,1701980876
14,tazovsky,67.4667,78.7,-24.26,96,100,4.93,RU,1701980877
15,duluth,46.7833,-92.1066,8.93,76,0,6.69,US,1701980877
16,tura,25.5198,90.2201,16.11,96,100,2.38,IN,1701980877
17,luderitz,-26.6481,15.1594,17.11,82,0,6.46,NA,1701980873
18,adamstown,-25.066,-130.1015,22.79,75,30,5.39,PN,1701980718
19,achikulak,44.5517,44.8378,1.88,99,100,6.0,RU,1701980878
20,nova sintra,14.8667,-24.7167,21.53,74,100,6.76,CV,1701980879
21,margaret river,-33.95,115.0667,13.76,74,1,5.04,AU,1701980726
22,geraldton,-28.7667,114.6,19.23,72,100,4.63,AU,1701980835
23,mugia,43.1041,-9.2179,15.09,81,94,7.86,ES,1701980880
24,punta arenas,-53.15,-70.9167,15.01,62,0,4.63,CL,1701980142
25,quibala,-10.7337,14.98,17.99,98,87,0.5,AO,1701980881
26,waitangi,-43.9535,-176.5597,14.9,73,80,1.34,NZ,1701980881
27,mogadishu,2.0371,45.3438,27.06,74,5,7.3,SO,1701980882
28,longyearbyen,78.2186,15.6401,-2.09,69,20,9.26,SJ,1701980882
29,smithers,54.7804,-127.1743,-3.82,93,100,2.06,CA,1701980883
30,edinburgh of the seven seas,-37.0676,-12.3116,14.88,83,100,7.06,SH,1701980883
31,cabo san lucas,22.8909,-109.9124,31.61,43,0,2.24,MX,1701980522
32,calvinia,-31.4707,19.776,17.69,53,0,2.86,ZA,1701980884
33,port-aux-francais,-49.35,70.2167,4.03,74,91,13.6,TF,1701980884
34,zuni pueblo,35.0725,-108.8506,12.35,30,98,10.57,US,1701980885
35,doda,33.1333,75.5667,9.79,30,2,2.0,IN,1701980885
36,iqaluit,63.7506,-68.5145,-16.15,77,20,5.66,CA,1701980596
37,zaozersk,69.4005,32.4476,-14.35,91,95,3.8,RU,1701980886
38,shchyolkino,45.4291,35.8223,4.75,86,100,11.59,UA,1701980886
39,ribeira grande,38.5167,-28.7,18.22,82,40,6.69,PT,1701980887
40,thompson,55.7435,-97.8558,-6.91,100,75,1.54,CA,1701980887
41,edmundston,47.3737,-68.3251,-6.81,73,100,4.12,CA,1701980794
42,bikenibeu village,1.3673,173.1241,27.98,89,100,4.63,KI,1701980838
43,betioky,-23.7167,44.3833,24.16,61,18,5.49,MG,1701980888
44,behshahr,36.6923,53.5526,9.97,59,5,1.31,IR,1701980889
45,udachny,66.4167,112.4,-25.31,75,100,1.28,RU,1701980889
46,berezovyy,51.6667,135.7,-15.24,79,13,2.33,RU,1701980890
47,flying fish cove,-10.4217,105.6791,24.82,83,75,2.06,CX,1701980784
48,bodaybo,57.8506,114.1933,-32.48,98,100,0.77,RU,1701980890
49,mohpa,21.3167,78.8167,18.64,83,95,2.22,IN,1701980891
50,kerikeri,-35.2268,173.9474,17.73,79,2,2.68,NZ,1701980891
51,carauari,-4.8828,-66.8958,27.03,89,85,1.02,BR,1701980892
52,chibougamau,49.9168,-74.3659,-13.21,78,0,0.0,CA,1701980892
53,nemuro,43.3236,145.575,1.48,65,77,13.55,JP,1701980892
54,pauini,-7.7136,-66.9764,29.62,64,99,1.43,BR,1701980893
55,puerto ayora,-0.7393,-90.3518,29.98,93,99,2.68,EC,1701980893
56,carbonear,47.7332,-53.2148,-1.99,86,100,6.14,CA,1701980894
57,enewetak,11.3474,162.3373,27.71,78,100,9.64,MH,1701980894
58,igarka,67.4667,86.5833,-26.15,98,100,2.08,RU,1701980894
59,mercedes,-34.6515,-59.4307,25.91,39,0,5.59,AR,1701980895
60,college,64.8569,-147.8028,-18.01,81,20,3.6,US,1701980896
61,rongelap,11.1635,166.8941,27.41,84,10,9.86,MH,1701980833
62,filadelfia,39.9523,-75.1638,4.32,81,100,5.14,US,1701980757
63,kudahuvadhoo,2.6708,72.8944,27.35,80,100,9.38,MV,1701980897
64,lebu,-37.6167,-73.65,15.61,77,2,6.76,CL,1701980897
65,wakkanai,45.4094,141.6739,-0.51,75,100,7.6,JP,1701980898
66,crane,31.3974,-102.3501,23.54,24,0,4.22,US,1701980723
67,mandiana,10.6333,-8.6833,26.59,19,0,1.29,GN,1701980898
68,isafjordur,66.0755,-23.124,-0.38,75,95,5.71,IS,1701980899
69,bernalillo,35.05,-106.6673,17.78,28,0,2.57,US,1701980899
70,anloga,5.7947,0.8973,28.16,78,100,4.92,GH,1701980900
71,albany,42.6001,-73.9662,-0.46,85,100,1.24,US,1701980900
72,conceicao da barra,-18.5933,-39.7322,27.5,69,0,4.8,BR,1701980901
73,salekhard,66.53,66.6019,-22.53,87,100,3.74,RU,1701980901
74,bethel,41.3712,-73.414,2.9,75,100,2.06,US,1701980718
75,tara,56.8944,74.371,-35.17,99,7,1.77,RU,1701980902
76,anadyr,64.75,177.4833,-20.72,77,20,13.0,RU,1701980714
77,puerto natales,-51.7236,-72.4875,16.03,55,92,2.7,CL,1701980737
78,pointe michel,15.25,-61.3833,30.52,58,40,1.54,DM,1701980903
79,manggar,-2.8833,108.2667,26.72,84,100,1.64,ID,1701980736
80,aasiaat,68.7098,-52.8699,-12.01,88,100,1.67,GL,1701980904
81,al marj,32.488,20.8317,13.91,82,41,3.58,LY,1701980904
82,taoudenni,22.6783,-3.9836,23.19,19,100,4.96,ML,1701980905
83,colonia menno,-22.3667,-59.8167,29.44,69,96,2.91,PY,1701980905
84,petropavlovsk-kamchatsky,53.0452,158.6483,-7.53,72,75,2.24,RU,1701980615
85,vadso,70.0744,29.7487,-9.91,85,75,7.72,NO,1701980906
86,oban,56.4127,-5.4706,5.77,89,100,4.83,GB,1701980906
87,namsos,64.4662,11.4957,-3.97,67,32,6.17,NO,1701980906
88,kingston,17.997,-76.7936,31.25,65,75,1.54,JM,1701980669
89,amahai,-3.3333,128.9167,26.06,84,100,1.47,ID,1701980907
90,newman,37.3138,-121.0208,17.23,37,5,0.45,US,1701980908
91,chonchi,-42.6128,-73.8092,20.56,44,0,0.85,CL,1701980791
92,barbate,36.1924,-5.9219,16.01,85,100,2.07,ES,1701980908
93,portland,45.5234,-122.6762,9.09,93,100,8.75,US,1701980726
94,georgetown,5.4112,100.3354,25.96,94,20,0.0,MY,1701980599
95,ilulissat,69.2167,-51.1,-2.99,54,20,0.0,GL,1701980727
96,wailua homesteads,22.0669,-159.378,25.48,80,75,1.54,US,1701980909
97,naze,28.3667,129.4833,11.51,64,0,1.03,JP,1701980631
98,kayangel,8.0823,134.7173,28.09,73,45,5.05,PW,1701980910
99,ust'-kulom,61.6864,53.6902,-32.49,100,65,0.81,RU,1701980911
100,nong ki,14.6868,102.538,21.34,79,91,1.96,TH,1701980911
101,novouzensk,50.4592,48.1431,-5.76,63,95,4.72,RU,1701980911
102,isangel,-19.55,169.2667,24.84,68,100,6.95,VU,1701980819
103,gaiman,-43.2897,-65.4929,18.09,39,4,8.37,AR,1701980912
104,baiti,13.745,-14.7482,30.43,14,76,2.55,SN,1701980913
105,severoural'sk,60.1533,59.952,-33.9,98,5,1.46,RU,1701980913
106,port alfred,-33.5906,26.891,20.66,93,18,0.89,ZA,1701980913
107,shitanjing,39.2342,106.3439,5.56,23,3,8.31,CN,1701980914
108,changling,44.2653,124.0005,0.17,76,68,8.88,CN,1701980797
109,blackmans bay,-43.0167,147.3167,13.07,89,100,1.48,AU,1701980720
110,port mathurin,-19.6833,63.4167,25.86,77,6,3.67,MU,1701980915
111,tiksi,71.6872,128.8694,-33.0,99,82,2.58,RU,1701980777
112,karratha,-20.7377,116.8463,30.43,27,1,6.22,AU,1701980916
113,kailua-kona,19.6406,-155.9956,27.93,73,75,3.6,US,1701980917
114,barcelos,41.5388,-8.6151,14.4,92,100,2.86,PT,1701980917
115,mogocha,53.7333,119.7667,-25.68,87,100,1.43,RU,1701980918
116,talnakh,69.4865,88.3972,-33.49,89,35,1.31,RU,1701980918
117,vanimo,-2.6741,141.3028,25.93,90,100,4.39,PG,1701980919
118,moroto,2.5345,34.6666,23.4,44,9,3.91,UG,1701980919
119,menominee,45.1078,-87.6143,7.04,61,100,1.54,US,1701980919
120,ancud,-41.8697,-73.8203,14.94,62,0,4.79,CL,1701980920
121,fada,9.5667,8.3,22.73,22,6,2.26,NG,1701980920
122,dongola,19.1667,30.4833,20.43,19,7,4.35,SD,1701980920
123,papatowai,-46.5619,169.4708,14.33,54,98,5.0,NZ,1701980921
124,boac,13.4463,121.84,25.86,83,42,3.77,PH,1701980921
125,orapa,-21.2833,25.3667,27.73,33,1,0.8,BW,1701980921
126,jamestown,42.097,-79.2353,4.2,79,100,3.09,US,1701980715
127,port macquarie,-31.4333,152.9167,22.16,91,60,1.0,AU,1701980922
128,badger,64.8,-147.5333,-18.05,82,20,3.6,US,1701980764
129,la'ie,21.6477,-157.9253,28.98,68,37,1.34,US,1701980923
130,dauphin,51.1494,-100.0502,3.08,93,100,5.66,CA,1701980923
131,lihue,21.9789,-159.3672,26.36,76,75,1.54,US,1701980737
132,recife,-8.0539,-34.8811,28.02,74,75,4.63,BR,1701980739
133,sarkisla,39.3519,36.4098,7.07,78,100,2.0,TR,1701980924
134,whitehorse,60.7161,-135.0538,-3.57,79,75,7.2,CA,1701980924
135,tazacorte,28.629,-17.9293,20.54,77,40,4.12,ES,1701980925
136,salalah,17.0151,54.0924,24.05,33,0,3.6,OM,1701980925
137,ust-nera,64.5667,143.2,-35.75,90,100,1.4,RU,1701980925
138,sitka,57.0531,-135.33,2.94,87,75,4.12,US,1701980926
139,outjo,-20.1167,16.15,26.3,27,84,7.83,NA,1701980926
140,invercargill,-46.4,168.35,12.32,64,98,3.77,NZ,1701980751
141,puerto baquerizo moreno,-0.9,-89.6,27.55,74,75,7.72,EC,1701980839
142,olonkinbyen,70.9221,-8.7187,-1.65,77,10,5.12,SJ,1701980927
143,amorebieta,43.2167,-2.7333,14.13,75,75,1.54,ES,1701980927
144,san antonio de pale,-1.4014,5.6325,26.12,82,99,3.52,GQ,1701980928
145,san patricio,28.017,-97.5169,24.53,53,100,6.79,US,1701980928
146,byron bay,-28.65,153.6167,21.51,80,1,1.1,AU,1701980928
147,mbabane,-26.3167,31.1333,14.61,98,65,1.15,SZ,1701980929
148,cannonvale,-20.2833,148.7,26.66,63,99,7.7,AU,1701980929
149,port elizabeth,-33.918,25.5701,20.05,94,0,1.03,ZA,1701980929
150,darwin,-12.4611,130.8418,24.99,92,0,2.06,AU,1701980930
151,kodiak,57.79,-152.4072,2.73,75,40,4.12,US,1701980717
152,east london,-33.0153,27.9116,22.64,88,59,5.17,ZA,1701980930
153,livingston,55.9029,-3.5226,6.05,90,75,3.6,GB,1701980797
154,namibe,-15.1961,12.1522,23.09,81,98,4.77,AO,1701980931
155,santa ana,33.7456,-117.8678,20.78,66,75,4.63,US,1701980410
156,antonio enes,-16.2325,39.9086,25.8,75,29,3.37,MZ,1701980932
157,utrik,11.2278,169.8474,27.54,81,28,10.55,MH,1701980817
158,dhuusamarreeb,5.535,46.3861,24.4,50,99,7.13,SO,1701980932
159,nadi,-17.8,177.4167,28.0,69,40,3.09,FJ,1701980933
160,queenstown,-31.8976,26.8753,17.79,66,52,2.04,ZA,1701980875
161,acajutla,13.5928,-89.8275,31.44,52,0,3.68,SV,1701980933
162,fordingbridge,50.9275,-1.7903,10.4,96,20,2.06,GB,1701980934
163,al ghayzah,16.2079,52.176,24.74,55,19,2.85,YE,1701980731
164,vorkuta,67.5,64.0,-26.08,98,100,2.04,RU,1701980884
165,sinabang,2.4803,96.3801,26.13,84,100,0.79,ID,1701980732
166,kruisfontein,-34.0033,24.7314,18.82,57,0,2.87,ZA,1701980935
167,new norfolk,-42.7826,147.0587,13.72,70,100,0.99,AU,1701980771
168,la passe,45.5549,-0.8967,12.21,95,100,4.37,FR,1701980936
169,santarem,-2.4431,-54.7083,31.07,62,20,6.69,BR,1701980936
170,jacarei,-23.3053,-45.9658,27.4,57,40,2.57,BR,1701980923
171,zhaqsy,51.9083,67.3133,-32.14,96,5,3.01,KZ,1701980937
172,kampung simpang renggam,1.8278,103.3,25.53,97,97,1.14,MY,1701980937
173,orkney,-26.9802,26.6727,21.41,57,42,4.69,ZA,1701980938
174,juegang,32.3174,121.1855,10.68,62,0,4.56,CN,1701980938
175,walvis bay,-22.9575,14.5053,16.72,77,3,6.58,NA,1701980938
176,lata,40.1629,-8.3327,13.37,93,100,3.76,PT,1701980939
177,riberalta,-10.9833,-66.1,32.11,62,75,2.57,BO,1701980841
178,rio preto da eva,-2.6994,-59.6997,28.44,73,100,0.26,BR,1701980786
179,acapulco de juarez,16.8634,-99.8901,29.9,74,40,3.6,MX,1701980735
180,nizhnesortymskiy,62.4397,71.7603,-27.74,89,100,4.4,RU,1701980940
181,gulf shores,30.246,-87.7008,17.99,64,40,2.06,US,1701980940
182,sulak,43.2734,47.5146,8.96,83,100,6.51,RU,1701980941
183,ad dabbah,18.05,30.95,21.17,21,10,4.66,SD,1701980941
184,margate,51.3813,1.3862,7.17,86,100,4.92,GB,1701980842
185,west island,-12.1568,96.8225,25.99,83,40,6.69,CC,1701980732
186,kolpashevo,58.3131,82.9089,-31.61,98,91,1.34,RU,1701980942
187,colonia,50.9333,6.95,2.68,83,20,3.6,DE,1701980802
188,mirny,62.5353,113.9611,-43.76,64,66,0.96,RU,1701980943
189,bilibino,68.0546,166.4372,-37.19,100,81,1.07,RU,1701980943
190,verkhnevilyuysk,63.4453,120.3167,-49.45,100,92,0.68,RU,1701980944
191,saipan,15.1355,145.701,27.39,83,75,6.17,MP,1701980944
192,khandyga,62.6667,135.6,-31.57,90,100,2.12,RU,1701980945
193,birao,10.2849,22.7882,23.87,17,25,2.63,CF,1701980945
194,kenai,60.5544,-151.2583,-6.03,92,75,5.14,US,1701980945
195,n'zeto,-7.2312,12.8666,27.03,77,5,3.16,AO,1701980946
196,kuqa,41.7278,82.9364,3.55,38,85,1.49,CN,1701980946
197,kirakira,-10.4544,161.9205,26.86,86,99,4.4,SB,1701980946
198,kostopil',50.8784,26.4519,-8.64,97,100,2.95,UA,1701980947
199,langepas,61.2544,75.2124,-25.81,87,100,3.63,RU,1701980947
200,anyama,5.4946,-4.0518,27.45,72,100,3.1,CI,1701980948
201,hong kong,22.2855,114.1577,20.18,71,99,1.34,HK,1701980877
202,lagoa,39.05,-27.9833,17.15,74,100,10.2,PT,1701980948
203,shiqi,22.5168,113.3852,17.95,63,100,1.11,CN,1701980949
204,watsa,3.0372,29.5355,18.89,93,5,1.12,CD,1701980949
205,al bayda',32.7627,21.7551,10.57,96,29,2.2,LY,1701980949
206,kirensk,57.7853,108.1119,-44.46,100,96,0.89,RU,1701980950
207,stanley,54.868,-1.6985,4.77,96,75,4.63,GB,1701980950
208,raja,8.4596,25.678,25.27,21,15,1.92,SS,1701980950
209,sandnessjoen,66.0217,12.6316,-0.88,80,75,1.03,NO,1701980951
210,auki,-8.7676,160.7034,26.01,86,99,2.7,SB,1701980951
211,aswan,24.0934,32.907,20.61,32,0,3.6,EG,1701980951
212,coahuayana de hidalgo,18.7,-103.6583,31.56,49,53,2.01,MX,1701980952
213,busselton,-33.65,115.3333,12.52,85,0,4.55,AU,1701980952
214,minas,-34.3759,-55.2377,19.29,65,28,7.45,UY,1701980953
215,tocache,-8.1842,-76.5125,29.54,66,96,1.51,PE,1701980953
216,polyarnyy,69.1989,33.4478,-14.05,95,87,6.88,RU,1701980887
217,bardai,11.65,7.2333,22.99,18,92,3.28,NG,1701980954
218,paredon,16.0333,-93.8667,31.61,48,97,6.48,MX,1701980954
219,sirte,31.2089,16.5887,19.07,57,62,7.99,LY,1701980955
220,starokostiantyniv,49.7576,27.2034,-5.3,98,100,2.78,UA,1701980955
221,kurchatov,51.6601,35.6521,-5.77,92,100,5.55,RU,1701980956
222,vorgashor,67.5833,63.95,-26.25,98,100,2.03,RU,1701980956
223,dixon,38.4455,-121.8233,16.05,73,20,4.63,US,1701980767
224,alibag,18.6411,72.8792,26.04,70,1,2.47,IN,1701980957
225,coracora,-15.0333,-73.7833,18.13,40,64,5.25,PE,1701980958
226,lucapa,-8.4192,20.7447,19.73,97,100,1.24,AO,1701980958
227,leua,48.2156,18.6071,-1.62,96,85,1.43,SK,1701980959
228,nar'yan-mar,67.6713,53.087,-14.38,96,100,3.58,RU,1701980959
229,fonte boa,-2.4959,-66.2662,27.77,92,81,0.79,BR,1701980960
230,bubaque,11.2833,-15.8333,27.82,70,34,6.18,GW,1701980960
231,avarua,-21.2078,-159.775,25.03,73,75,6.17,CK,1701980960
232,nova londrina,-22.7658,-52.985,23.65,90,100,2.14,BR,1701980961
233,turkmenbasy,40.0222,52.9552,9.43,66,75,2.06,TM,1701980961
234,al wafrah,28.6392,47.9306,18.73,30,0,2.43,KW,1701980961
235,mount pearl,47.5166,-52.7813,-3.15,85,100,7.2,CA,1701980814
236,shendi,16.6915,33.4341,25.54,30,1,4.19,SD,1701980892
237,nova kakhovka,46.7545,33.3486,2.31,96,100,6.85,UA,1701980962
238,teknaf,20.8624,92.3058,23.78,92,82,2.35,BD,1701980963
239,bay roberts,47.5999,-53.2648,-2.49,85,100,2.68,CA,1701980963
240,kupang,-10.1667,123.5833,25.32,100,40,0.51,ID,1701980843
241,souillac,-20.5167,57.5167,26.21,89,75,0.0,MU,1701980964
242,boyolangu,-8.1181,111.8935,25.27,90,100,1.97,ID,1701980964
243,bollnas,61.3482,16.3946,-4.46,97,100,1.21,SE,1701980965
244,nova xavantina,-14.6667,-52.35,37.58,24,85,1.87,BR,1701980965
245,san matias,-16.3667,-58.4,37.24,33,36,2.39,BO,1701980966
246,torghay,49.6339,63.4981,-16.8,61,74,7.4,KZ,1701980966
247,saint-joseph,-21.3667,55.6167,24.71,85,52,4.3,RE,1701980966
248,kamen'-rybolov,44.7481,132.0403,-9.24,75,100,2.77,RU,1701980967
249,al kharijah,25.4514,30.5464,16.87,44,0,2.69,EG,1701980967
250,kapa'a,22.0752,-159.319,26.22,80,75,1.54,US,1701980967
251,stelle,53.3842,10.1114,1.34,98,96,2.79,DE,1701980968
252,parkes,-33.1333,148.1833,23.53,60,90,0.45,AU,1701980917
253,gaigeturi,33.4644,126.3183,9.03,57,0,1.54,KR,1701980968
254,ongjin,37.9347,125.3619,9.53,86,0,7.54,KP,1701980969
255,atafu village,-8.5421,-172.5159,28.89,75,80,2.72,TK,1701980969
256,bengkulu,-3.8004,102.2655,23.75,94,100,1.23,ID,1701980970
257,refahiye,39.9008,38.7667,3.83,94,99,1.89,TR,1701980970
258,aykhal,66.0,111.5,-26.87,99,99,2.24,RU,1701980970
259,san andres,12.5847,-81.7006,31.01,70,20,4.63,CO,1701980971
260,port pirie,-33.1833,138.0167,26.63,46,39,1.63,AU,1701980971
261,dzhangala,49.2167,50.3333,-5.64,83,100,4.74,KZ,1701980971
262,piterka,50.6803,47.4454,-6.81,67,97,4.87,RU,1701980972
263,tsiombe,-25.3,45.4833,22.67,79,80,8.49,MG,1701980972
264,carnarvon,-24.8667,113.6333,21.03,71,0,10.24,AU,1701980877
265,la ronge,55.1001,-105.2842,-0.86,74,75,2.57,CA,1701980973
266,uturoa,-16.7333,-151.4333,26.74,81,81,4.87,PF,1701980973
267,shengli,37.4564,118.4856,8.59,45,0,3.46,CN,1701980974
268,bandirma,40.3522,27.9767,12.82,93,100,6.17,TR,1701980974
269,cherdyn',60.403,56.4787,-30.2,100,27,0.35,RU,1701980975
270,cassilandia,-19.1133,-51.7342,34.74,33,67,5.19,BR,1701980975
271,joao pinheiro,-17.7425,-46.1725,33.96,24,1,1.41,BR,1701980975
272,remire-montjoly,4.9167,-52.2667,29.02,79,75,7.2,GF,1701980830
273,arkalyk,50.2486,66.9114,-19.22,68,3,5.73,KZ,1701980976
274,klyavlino,54.2649,52.0267,-27.98,99,9,1.84,RU,1701980976
275,hasaki,35.7333,140.8333,8.22,41,0,2.74,JP,1701980749
276,zhangjiajie,29.1294,110.4783,12.71,73,78,1.72,CN,1701980977
277,mil'kovo,55.6078,37.7956,-11.78,100,97,1.75,RU,1701980977
278,lospalos,-8.5186,127.0025,23.09,87,69,0.48,TL,1701980978
279,qaqortoq,60.7167,-46.0333,2.99,58,100,7.7,GL,1701980978
280,spring creek,40.7266,-115.5859,4.9,45,20,4.85,US,1701980978
281,kuta,-8.7233,115.1723,26.97,94,20,2.24,ID,1701980979
282,greymouth,-42.4667,171.2,14.01,61,80,0.73,NZ,1701980878
283,cooma,-36.2333,149.1333,19.66,66,100,1.81,AU,1701980891
284,taulaga,-11.0553,-171.0883,28.26,80,100,6.59,AS,1701980980
285,cicero dantas,-10.6,-38.3833,27.66,56,100,5.8,BR,1701980968
286,arraial do cabo,-22.9661,-42.0278,31.98,58,0,7.2,BR,1701980783
287,kasungu,-13.0333,33.4833,21.33,79,65,2.9,MW,1701980981
288,saint-pierre,-21.3393,55.4781,25.32,83,75,1.03,RE,1701980981
289,iquique,-20.2208,-70.1431,21.02,68,12,3.69,CL,1701980982
290,constitucion,-35.3333,-72.4167,19.72,64,15,8.33,CL,1701980982
291,obligado,-27.0333,-55.6333,23.32,84,85,2.31,PY,1701980983
292,eldorado at santa fe,35.5264,-105.9347,13.82,39,0,7.2,US,1701980983
293,strezhevoy,60.7333,77.5889,-25.02,85,100,2.68,RU,1701980983
294,thinadhoo,0.5333,72.9333,26.44,83,100,6.58,MV,1701980984
295,mount gambier,-37.8333,140.7667,19.1,58,92,2.08,AU,1701980984
296,eyl,7.9803,49.8164,24.83,68,1,9.29,SO,1701980984
297,belyy yar,53.6039,91.3903,-20.06,71,0,3.0,RU,1701980848
298,raduzhny,62.0961,77.475,-25.94,88,100,3.87,RU,1701980985
299,haiku-pauwela,20.9219,-156.3051,26.13,66,40,3.6,US,1701980985
300,tokuyama,34.05,131.8167,3.79,58,0,1.57,JP,1701980986
301,qamdo,31.1667,97.2333,-4.96,50,100,0.51,CN,1701980986
302,bikin,46.8161,134.26,-23.59,100,30,1.75,RU,1701980986
303,sampit,-2.5333,112.95,23.18,98,100,0.29,ID,1701980987
304,vilyuysk,63.7553,121.6247,-45.56,100,97,1.34,RU,1701980987
305,matoury,4.8483,-52.3317,28.98,79,75,7.2,GF,1701980987
306,sullivan,36.5168,-82.5332,12.59,39,20,6.69,US,1701980988
307,katpur,21.05,71.7833,23.06,58,2,5.14,IN,1701980988
308,kidal,18.4411,1.4078,25.42,11,27,2.34,ML,1701980988
309,glenfield park,-35.1372,147.334,24.77,66,99,0.89,AU,1701980989
310,kargasok,59.0556,80.8572,-24.46,91,100,3.58,RU,1701980989
311,nuuk,64.1835,-51.7216,3.34,44,20,2.57,GL,1701980989
312,shahkot,31.0775,75.3372,11.76,30,0,1.52,IN,1701980990
313,klyuchi,52.2667,79.1667,-21.03,72,95,3.69,RU,1701980990
314,lodwar,3.1191,35.5973,30.47,33,0,3.56,KE,1701980991
315,kavieng,-2.5744,150.7967,27.24,81,97,3.77,PG,1701980991
316,mareeba,-17.0,145.4333,22.4,95,80,0.93,AU,1701980853
317,puerto san jose,13.9256,-90.8244,30.09,56,0,3.67,GT,1701980992
318,port blair,11.6667,92.75,25.02,94,20,1.03,IN,1701980992
319,jumla,29.2747,82.1838,2.46,57,0,1.52,NP,1701980993
320,jincheng,35.5022,112.8328,8.96,29,0,2.16,CN,1701980993
321,gunnedah,-30.9833,150.25,24.77,58,77,0.95,AU,1701980993
322,pisco,-13.7,-76.2167,24.03,64,0,6.17,PE,1701980711
323,port isabel,26.0734,-97.2086,24.45,72,100,6.69,US,1701980994
324,prineville,44.2999,-120.8345,5.06,88,100,0.89,US,1701980994
325,zhanibek,49.4167,46.85,-4.81,78,77,5.26,KZ,1701980995
326,rugaji,57.0,27.1333,-9.22,93,100,3.14,LV,1701980995
327,capinota,-17.7167,-66.2333,23.67,41,62,7.29,BO,1701980995
328,francistown,-21.17,27.5079,25.8,34,3,7.78,BW,1701980996
329,middelburg,-25.7751,29.4648,18.1,70,28,2.17,ZA,1701980996
330,howrah,22.5892,88.3103,19.0,94,75,1.54,IN,1701980996
331,yantzaza,-3.8278,-78.7594,25.01,91,67,1.14,EC,1701980997
332,mundri,-6.9558,111.71,25.62,86,100,0.57,ID,1701980997
333,konarka,19.9,86.1167,22.22,94,30,4.77,IN,1701980998
334,kota kinabalu,5.9749,116.0724,25.99,89,20,1.54,MY,1701980998
335,diu,20.7141,70.9822,22.52,55,1,5.4,IN,1701980998
336,ilovlya,49.3033,43.9796,-4.08,75,23,6.25,RU,1701980999
337,grande prairie,55.1667,-118.8027,-0.9,64,20,4.63,CA,1701980722
338,tadine,-21.55,167.8833,23.77,74,100,7.43,NC,1701980999
339,lindisfarne,-42.8333,147.35,13.88,80,0,3.6,AU,1701981000
340,mamuju,-2.6748,118.8885,24.87,93,100,2.08,ID,1701981000
341,port hueneme,34.1478,-119.1951,23.77,66,0,3.6,US,1701981001
342,beira,-19.8436,34.8389,27.05,78,20,4.12,MZ,1701981001
343,tshikapa,-6.4167,20.8,21.66,99,100,1.49,CD,1701981003
344,concord,37.978,-122.0311,16.56,68,100,6.69,US,1701980448
345,grand-lahou,5.1367,-5.0242,27.14,79,48,3.66,CI,1701981006
346,akureyri,65.6835,-18.0878,-1.04,64,75,2.06,IS,1701980808
347,as sulayyil,20.4607,45.5779,17.14,29,7,2.59,SA,1701981007
348,tofol,5.3248,163.0078,28.32,81,100,7.75,FM,1701981008
349,mejit,10.2753,170.8646,27.62,83,98,10.96,MH,1701980821
350,scheveningen,52.1046,4.2756,3.93,84,100,6.17,NL,1701981009
351,bamboo flat,11.7,92.7167,25.05,94,20,1.03,IN,1701981009
352,kone,-21.0595,164.8658,25.65,55,100,3.33,NC,1701981010
353,mont-joli,48.5839,-68.1921,-6.28,73,75,2.57,CA,1701981011
354,fale old settlement,-9.3852,-171.2468,29.08,73,100,3.93,TK,1701980731
355,sao raimundo nonato,-9.0153,-42.6994,31.6,30,99,2.67,BR,1701981012
356,galliano,29.4422,-90.2992,18.89,55,0,1.54,US,1701981012
357,acarau,-2.8856,-40.12,27.18,77,13,7.61,BR,1701981013
358,champerico,14.3,-91.9167,35.3,68,14,2.99,GT,1701981013
359,kavaratti,10.5669,72.642,28.21,66,62,2.29,IN,1701980745
360,isabela,6.7085,121.9711,26.21,84,100,1.44,PH,1701981014
361,hithadhoo,-0.6,73.0833,27.55,77,100,4.22,MV,1701980745
362,serov,59.6033,60.5787,-36.84,99,13,1.61,RU,1701981015
363,stettler,52.3168,-112.7186,-0.14,100,100,4.12,CA,1701981016
364,necochea,-38.5473,-58.7368,16.98,60,1,5.82,AR,1701981016
365,tshabong,-26.05,22.45,28.41,13,6,4.93,BW,1701981016
366,sucua,-2.4667,-78.1667,28.41,54,75,2.57,EC,1701981017
367,valga,57.7778,26.0473,-8.28,90,100,3.5,EE,1701981017
368,noumea,-22.2763,166.4572,26.11,99,100,6.59,NC,1701980842
369,dhidhdhoo,6.8833,73.1,28.08,81,100,9.99,MV,1701981018
370,megion,61.0296,76.1136,-33.99,88,100,4.53,RU,1701981018
371,paungde,18.4833,95.5,23.3,79,84,0.81,MM,1701981019
372,san blas atempa,16.3264,-95.2225,30.32,42,60,8.69,MX,1701981020
373,juiz de fora,-21.7642,-43.3503,24.73,86,3,2.28,BR,1701981021
374,san sebastian de la gomera,28.0916,-17.1133,22.2,60,20,3.09,ES,1701981021
375,ellsworth,44.5434,-68.4195,-4.64,83,76,0.89,US,1701981022
376,alekseyevskoye,55.3071,50.1135,-27.29,99,15,2.2,RU,1701981022
377,keflavik,64.0049,-22.5624,1.24,60,0,4.12,IS,1701981024
378,santa terezinha,-29.9002,-50.0904,23.57,92,100,2.98,BR,1701981024
379,okakarara,-20.5833,17.4333,27.16,31,66,3.72,NA,1701981025
380,bossangoa,6.4926,17.4552,24.94,65,21,1.9,CF,1701981026
381,avanigadda,16.0215,80.9181,22.19,89,79,2.61,IN,1701981026
382,la carlota,10.4233,122.9208,23.51,84,45,2.48,PH,1701981027
383,codrington,-38.2667,141.9667,24.41,44,99,3.92,AU,1701981027
384,suntar,62.1444,117.6319,-50.41,100,79,0.5,RU,1701981028
385,dwarka,22.2394,68.9678,23.05,58,0,4.17,IN,1701981028
386,tosontsengel,48.7567,98.2839,-26.2,99,77,1.26,MN,1701981029
387,brattleboro,42.8509,-72.5579,0.37,65,80,0.89,US,1701981029
388,hamilton,39.1834,-84.5333,14.12,52,0,6.69,US,1701980949
389,inhambane,-23.865,35.3833,23.52,84,54,3.92,MZ,1701981031
390,warka,51.7843,21.1909,-1.07,96,79,2.5,PL,1701981031
391,trairi,-3.2778,-39.2689,28.16,70,7,5.71,BR,1701980807
392,port saint john's,-31.6229,29.5448,20.99,78,11,3.31,ZA,1701981032
393,la foa,-21.7108,165.8276,24.62,59,100,1.88,NC,1701981033
394,markovo,57.3206,107.0881,-41.95,100,80,0.98,RU,1701981033
395,coquimbo,-29.9533,-71.3436,17.85,72,40,5.14,CL,1701980814
396,iskateley,67.6803,53.1512,-14.43,96,100,3.58,RU,1701981035
397,fort bragg,35.139,-79.006,13.28,37,0,5.66,US,1701980872
398,egilsstadir,65.2653,-14.3948,-2.05,64,75,6.69,IS,1701981036
399,mahajanga,-15.7167,46.3167,26.01,89,20,2.06,MG,1701981036
400,bayganin,48.6947,55.8742,-8.04,74,100,5.18,KZ,1701981037
401,brisas de zicatela,15.8369,-97.0419,30.29,54,20,3.09,MX,1701981038
402,novyy urgal,51.0736,132.5642,-22.12,99,83,1.14,RU,1701981038
403,ndele,8.4109,20.6473,25.32,27,20,1.03,CF,1701981040
404,marat,25.0701,45.4615,19.39,18,0,2.65,SA,1701981040
405,garoowe,8.4054,48.4845,21.64,57,6,4.73,SO,1701981040
406,berdigestyakh,62.0989,126.6992,-40.12,98,99,1.36,RU,1701981041
407,kargil,34.5667,76.1,-6.36,38,91,1.36,IN,1701981042
408,praia da vitoria,38.7333,-27.0667,17.64,82,40,8.13,PT,1701981042
409,wer,27.0,77.1667,16.72,60,0,0.93,IN,1701981043
410,rosarno,38.4841,15.979,13.86,61,49,3.43,IT,1701981043
411,pitimbu,-7.4706,-34.8086,29.33,75,100,4.84,BR,1701981044
412,sretensk,52.2453,117.7093,-20.57,99,99,1.26,RU,1701981045
413,ugoofaaru,5.6667,73.0,28.53,78,100,11.44,MV,1701981045
414,jahangirpur,28.1833,77.7167,16.9,45,0,1.64,IN,1701981045
415,truth or consequences,33.1284,-107.2528,22.73,23,0,4.12,US,1701980880
416,santiago de cao,-7.9589,-79.2392,21.07,78,0,5.14,PE,1701981046
417,labytnangi,66.6572,66.4183,-21.43,85,100,3.91,RU,1701981046
418,sao vicente,-23.9631,-46.3919,35.15,48,40,5.36,BR,1701981047
419,christchurch,-43.5333,172.6333,16.97,66,75,5.14,NZ,1701980775
420,maturin,9.75,-63.1767,28.36,70,48,4.72,VE,1701980539
421,rio grande,-32.035,-52.0986,24.06,78,89,11.26,BR,1701981048
422,skikda,36.8762,6.9092,12.99,74,6,2.57,DZ,1701981049
423,calderitas,18.55,-88.25,29.06,58,75,0.0,MX,1701981049
424,lecheng,25.1238,113.3254,12.32,64,23,0.47,CN,1701981049
425,kapuskasing,49.4169,-82.4331,-0.95,93,100,2.57,CA,1701980881
426,viransehir,37.2353,39.7631,10.93,93,100,2.44,TR,1701981050
427,leava,-14.3,-178.1667,28.12,79,79,6.33,WF,1701981050
428,puerto deseado,-47.7503,-65.8938,11.79,62,0,4.31,AR,1701981051
429,waingapu,-9.6567,120.2641,26.46,85,89,2.03,ID,1701981051
430,lompoc,34.6391,-120.4579,21.08,50,0,7.2,US,1701980887
431,las tablas,7.7667,-80.2833,28.99,99,42,6.08,PA,1701981052
432,sur,22.5667,59.5289,22.41,50,0,0.6,OM,1701981052
433,mbeya,-8.9,33.45,15.97,94,26,1.89,TZ,1701981053
434,lachendorf,52.6167,10.25,1.72,93,95,3.0,DE,1701981053
435,chinchilla,-26.75,150.6333,23.27,56,0,5.53,AU,1701981054
436,ponte nova,-20.4164,-42.9086,27.94,56,0,1.03,BR,1701981054
437,aghajari,30.7006,49.8315,19.14,29,50,1.67,IR,1701981054
438,ammon,43.4696,-111.9666,4.34,74,100,11.83,US,1701981055
439,las khorey,11.1595,48.1967,24.5,53,39,3.92,SO,1701981055
440,mancio lima,-7.6142,-72.8958,28.04,74,75,5.14,BR,1701981055
441,letlhakeng,-24.0944,25.0298,24.82,43,59,4.0,BW,1701981056
442,kurumkan,54.3,110.3,-22.15,93,52,1.79,RU,1701981057
443,selfoss,63.9331,-20.9971,-3.67,60,68,5.44,IS,1701981058
444,ajacuba,20.0875,-99.1125,16.05,56,99,2.09,MX,1701981058
445,wellington,-41.2866,174.7756,16.7,80,20,1.54,NZ,1701980879
446,santa croce camerina,36.8289,14.5268,6.82,87,0,2.06,IT,1701981059
447,dompu,-8.5356,118.4622,25.07,94,100,0.91,ID,1701981059
448,santa luzia,-19.7697,-43.8514,33.6,32,20,2.06,BR,1701981059
449,tejen,37.3834,60.5054,10.97,50,100,1.87,TM,1701981062
450,mili,6.0815,171.735,27.93,83,51,8.66,MH,1701981067
451,tromso,69.6496,18.957,-3.99,58,0,8.23,NO,1701981071
452,mirriah,13.7073,9.1501,22.7,15,61,4.14,NE,1701981073
453,micheweni,-4.9667,39.8333,26.44,86,98,3.83,TZ,1701981073
454,playa del ingles,27.7567,-15.5787,20.86,71,10,4.47,ES,1701980830
455,ta`u,-14.2336,-169.5144,27.26,84,68,5.82,AS,1701981078
456,tateyama,34.9833,139.8667,11.24,56,0,4.81,JP,1701981081
457,susuman,62.7833,148.1667,-32.52,96,100,0.47,RU,1701981081
458,shubarshi,48.5872,57.1869,-8.96,77,100,4.82,KZ,1701981082
459,fernandopolis,-20.2839,-50.2464,30.99,42,87,1.3,BR,1701981083
460,cockburn town,21.4612,-71.1419,25.25,68,100,8.33,TC,1701980927
461,tuy hoa,13.0833,109.3,23.24,92,90,2.72,VN,1701981083
462,kilju,40.9642,129.3278,0.93,49,17,1.32,KP,1701981084
463,okhotsk,59.3833,143.3,-7.36,92,100,9.34,RU,1701981085
464,pandan,14.0453,124.1694,26.79,73,100,3.6,PH,1701981085
465,fort st. john,56.2499,-120.8529,-3.06,74,20,4.12,CA,1701981087
466,ajdabiya,30.7554,20.2263,17.39,63,99,5.07,LY,1701981088
467,moniquira,5.8764,-73.5728,21.14,83,69,1.32,CO,1701981089
468,kalabo,-14.97,22.6814,24.48,59,69,1.89,ZM,1701981092
469,sholokhovskiy,48.2807,41.0459,-3.25,80,100,7.46,RU,1701981093
470,concepcion de la sierra,-27.9831,-55.5203,24.24,92,78,2.33,AR,1701981094
471,vila franca do campo,37.7167,-25.4333,18.27,99,97,3.42,PT,1701981094
472,mahates,10.2329,-75.1899,31.94,69,91,3.18,CO,1701981095
473,bogale,16.2833,95.4,24.43,91,77,1.09,MM,1701981095
474,agat village,13.3886,144.6585,27.52,84,75,3.6,GU,1701981097
475,paracuru,-3.41,-39.0306,28.39,77,9,5.58,BR,1701981101
476,san clemente del tuyu,-36.3569,-56.7235,18.32,70,0,7.09,AR,1701981103
477,antsiranana,-12.2787,49.2917,26.34,77,58,6.5,MG,1701981103
478,lazaro cardenas,17.9583,-102.2,30.53,53,35,2.0,MX,1701981103
479,inongo,-1.95,18.2667,21.74,97,97,1.24,CD,1701981104
480,huescar,37.811,-2.5412,11.26,93,100,3.03,ES,1701981105
481,porto tolle,44.9497,12.3245,6.8,77,36,2.21,IT,1701981105
482,bereket,39.2446,55.5154,8.52,56,100,3.82,TM,1701981106
483,fortuna,40.5982,-124.1573,13.29,83,20,0.45,US,1701980978
484,bonthe,7.5264,-12.505,26.91,79,52,2.42,SL,1701981107
485,tanumah,27.1,44.1333,20.13,23,0,3.1,SA,1701980813
486,papao,-17.75,-149.55,27.82,79,83,9.03,PF,1701981107
487,uliastay,47.7417,96.8444,-20.1,95,69,2.68,MN,1701981108
488,baoqing,46.3317,132.2111,-14.22,87,96,2.53,CN,1701981108
489,cotonou,6.3654,2.4183,28.99,84,40,4.63,BJ,1701981109
490,holualoa,19.6228,-155.9522,25.86,73,75,3.6,US,1701980841
491,vernon,50.2581,-119.2691,6.53,89,98,1.03,CA,1701981067
492,springbok,-29.6643,17.8865,14.08,70,0,2.23,ZA,1701981111
493,vidin,43.99,22.8725,3.7,83,95,3.48,BG,1701981111
494,cururupu,-1.8283,-44.8683,28.81,68,32,2.96,BR,1701980834
495,seredyna-buda,52.189,34.0364,-7.71,93,100,5.13,UA,1701981112
496,freetown,8.484,-13.2299,26.91,78,2,3.24,SL,1701980866
497,manakara,-22.1333,48.0167,22.57,85,31,0.96,MG,1701981112
498,taranagar,28.6709,75.0351,15.66,31,0,0.68,IN,1701981113
499,taunggyi,20.7833,97.0333,14.74,98,51,1.76,MM,1701981114
500,ramhormoz,31.28,49.6035,18.76,35,57,1.08,IR,1701981115
501,nguigmi,14.2495,13.1092,22.81,22,98,5.33,NE,1701981115
502,nuriootpa,-34.4833,139.0,28.05,40,53,5.64,AU,1701981116
503,dolgorukovo,52.3195,38.3453,-10.89,95,85,4.54,RU,1701981116
504,yonggwang-up,40.0183,127.4547,2.05,63,2,1.62,KP,1701981117
505,ketchikan,55.3422,-131.6461,3.99,100,100,1.54,US,1701981117
506,kharp,66.8014,65.8081,-24.13,89,100,5.19,RU,1701981118
507,puerto aysen,-45.4,-72.7,23.71,45,26,1.41,CL,1701981118
508,shingu,33.7333,135.9833,6.14,66,0,2.45,JP,1701981118
509,bundaberg,-24.85,152.35,21.79,95,5,0.89,AU,1701981119
510,hadyach,50.3711,33.991,-2.6,79,100,6.11,UA,1701981120
511,katsuura,35.1333,140.3,10.77,50,0,3.83,JP,1701981120
512,nantucket,41.2835,-70.0995,-0.94,71,0,4.12,US,1701980901
513,anar darah,32.7587,61.654,10.29,23,0,0.82,AF,1701981122
514,carutapera,-1.195,-46.02,28.94,71,70,4.29,BR,1701980906
515,tyukhtet,56.5389,89.3011,-22.4,97,100,2.17,RU,1701981123
516,pirenopolis,-15.8525,-48.9592,32.27,38,95,2.02,BR,1701981123
517,laguna,38.421,-121.4238,16.17,73,75,3.09,US,1701981124
518,pacific grove,36.6177,-121.9166,16.49,70,0,3.6,US,1701980889
519,tolanaro,-25.0319,46.9987,22.04,88,75,5.14,MG,1701981125
520,rawson,-43.3002,-65.1023,14.41,57,2,6.92,AR,1701981051
521,sligo,54.2697,-8.4694,8.16,100,40,3.09,IE,1701981126
522,nyurba,63.2842,118.3319,-51.52,100,70,0.48,RU,1701981126
523,wacheng,33.7833,114.5167,10.36,61,0,3.98,CN,1701981126
524,touros,-5.1989,-35.4608,26.76,76,74,5.95,BR,1701981127
525,stutterheim,-32.5708,27.424,15.75,82,18,1.84,ZA,1701981127
526,jiagedaqi,50.4167,124.1167,-16.18,95,100,2.97,CN,1701981128
527,kayenta,36.7278,-110.2546,12.08,28,93,4.08,US,1701981128
528,banamba,13.55,-7.45,25.61,17,3,3.94,ML,1701981129
529,nizhneangarsk,55.7833,109.55,-27.22,88,28,4.02,RU,1701981129
530,mitu,1.1983,-70.1733,24.35,98,99,1.42,CO,1701981129
531,villa bruzual,9.3328,-69.1208,31.28,49,97,1.96,VE,1701981130
532,sarankhola,22.3082,89.7897,19.26,98,82,1.96,BD,1701981130
533,ternate,0.8,127.4,27.21,82,100,1.98,ID,1701981130
534,hinton,53.4001,-117.5857,0.53,66,98,0.52,CA,1701981131
535,kourou,5.1552,-52.6478,29.03,86,32,3.88,GF,1701981007
536,budy,49.8934,36.0224,-2.13,66,100,6.42,UA,1701981131
537,villa hernandarias,-31.231,-59.985,26.25,57,98,1.73,AR,1701981132
538,urangan,-25.3,152.9,24.39,72,8,6.26,AU,1701981132
539,ola,59.5833,151.2833,-10.04,78,100,6.8,RU,1701981133
540,kokopo,-4.352,152.2633,26.77,78,65,2.34,PG,1701981133
541,scottburgh,-30.2867,30.7532,19.34,88,62,3.0,ZA,1701981134
542,hoima,1.4356,31.3436,18.04,91,25,1.13,UG,1701981134
543,naifaru,5.4444,73.3657,28.49,78,100,10.98,MV,1701981135
544,franklin,39.9667,-83.0166,12.12,57,40,8.75,US,1701980728
545,bel ombre,-4.6167,55.4167,25.91,94,40,2.57,SC,1701980879
546,baise city,23.8997,106.6133,14.92,64,33,0.51,CN,1701981136
547,xai-xai,-25.0519,33.6442,22.09,89,18,2.65,MZ,1701981136
548,santa cruz,-17.8,-63.1667,35.03,46,40,6.69,BO,1701980884
549,anna regina,7.2644,-58.5077,27.46,79,40,4.06,GY,1701981137
550,kimbe,-5.5502,150.1429,26.2,88,57,0.22,PG,1701981137
551,garissa,-0.4536,39.6401,27.66,73,80,4.47,KE,1701981138
552,sale,34.0389,-6.8166,16.53,94,40,0.0,MA,1701981138
553,broome,42.2506,-75.833,2.06,91,100,3.6,US,1701981138
554,safi,32.1667,-8.8333,14.74,85,100,4.3,MA,1701981139
555,bac lieu,9.285,105.7244,25.44,84,93,5.66,VN,1701981139
556,hood river,45.7054,-121.5215,9.74,86,100,3.13,US,1701981094
557,ghat,24.9647,10.1728,16.45,31,0,2.97,LY,1701981140
558,san jose del guaviare,2.5729,-72.6459,26.48,85,97,1.29,CO,1701981140
559,kalachinsk,55.0529,74.5751,-35.09,98,8,2.69,RU,1701981141
560,kanniyakumari,8.0833,77.5667,26.83,82,41,3.6,IN,1701981141
561,paita,-5.0892,-81.1144,23.29,74,27,5.93,PE,1701981142
562,flin flon,54.7682,-101.865,-2.09,93,100,1.03,CA,1701981143
563,la sarre,48.8002,-79.1996,-3.29,89,100,1.96,CA,1701981143
564,hibbing,47.4272,-92.9377,8.78,49,0,5.66,US,1701981144
565,bairnsdale,-37.8333,147.6167,16.7,92,100,0.45,AU,1701981144
566,cidreira,-30.1811,-50.2056,22.83,93,100,2.39,BR,1701981145
567,ribeira brava,32.65,-17.0667,19.84,85,74,0.55,PT,1701981145
568,sousa,-6.7592,-38.2281,33.42,26,88,3.11,BR,1701981146
569,yaren,-0.5472,166.916,26.07,88,100,3.75,NR,1701981146
570,ilomantsi,62.6716,30.9328,-12.39,97,93,2.18,FI,1701981146
571,hammerfest,70.6634,23.6821,-4.75,63,0,6.17,NO,1701981147
572,cajabamba,-7.6167,-78.05,18.96,61,96,1.54,PE,1701981147
573,dabakala,8.3667,-4.4333,27.32,43,67,1.6,CI,1701981148
574,kerimaki,61.9167,29.2833,-18.03,85,100,1.03,FI,1701981148
575,brookings,44.3114,-96.7984,15.77,45,0,7.2,US,1701981058
576,ebon,4.582,168.6964,28.08,81,70,8.11,MH,1701981149
577,kayes,14.0,-11.0,29.32,14,100,2.07,ML,1701981149
578,yarmouth,41.7057,-70.2286,-0.55,68,0,6.26,US,1701981150
579,nunkini,20.3333,-90.1833,28.56,40,100,2.69,MX,1701981150
580,malvan,16.0667,73.4667,24.36,76,38,2.52,IN,1701981150
581,constantia,44.1833,28.65,1.5,93,100,8.66,RO,1701981151
582,st. john's,47.5649,-52.7093,-2.69,85,100,7.2,CA,1701980998
583,masterton,-40.9597,175.6575,18.27,62,23,1.82,NZ,1701981152
584,sanya,18.2431,109.505,21.09,83,0,1.0,CN,1701981152
585,batangafo,7.3008,18.2833,25.71,37,74,0.05,CF,1701981153
586,kamensk-ural'skiy,56.4185,61.9329,-34.49,98,6,1.93,RU,1701981153
587,sentilj v slov. goricah,46.6817,15.6481,-0.59,83,25,0.74,SI,1701981153
588,belmonte,-15.8631,-38.8828,25.95,77,8,3.69,BR,1701981154
589,ust'-kut,56.7938,105.7672,-39.2,99,78,0.89,RU,1701981154
590,tinajo,29.0788,-13.7081,18.49,68,20,4.12,ES,1701981154
591,carlow,52.8408,-6.9261,8.4,90,47,5.9,IE,1701981155
592,santa maria,-29.6842,-53.8069,25.61,73,75,2.06,BR,1701981096
593,mishan,45.55,131.8833,-11.71,86,100,3.11,CN,1701981155
594,yongchuan,29.3514,105.8947,13.62,75,100,0.64,CN,1701980955
595,natal,-5.795,-35.2094,28.36,74,40,6.17,BR,1701981156
596,tumaco,1.7986,-78.8156,26.28,88,92,3.61,CO,1701981157
597,gazli,40.1333,63.45,2.91,32,100,3.94,UZ,1701981157
598,katsuren-haebaru,26.3369,127.8719,17.01,63,0,3.09,JP,1701981158
599,al wakrah,24.85,51.3333,19.05,55,0,3.04,QA,1701981158
